id,first_name,last_name,email,gender,ip_address
1,Meredith,Spoole,mspoole0@mapquest.com,Bigender,195.27.34.60
2,Caro,Edmenson,cedmenson1@ovh.net,Female,238.3.240.10
3,Freida,Gerriets,fgerriets2@wikispaces.com,Female,92.211.206.66
4,Ronna,Zanettini,rzanettini3@boston.com,Genderqueer,50.40.114.14
5,Jelene,Emms,jemms4@usgs.gov,Female,215.30.71.71
6,Julio,Saturley,jsaturley5@yellowbook.com,Male,81.135.67.54
7,Dave,Smillie,dsmillie6@msu.edu,Genderfluid,41.154.166.129
8,Say,Prue,sprue7@slideshare.net,Male,253.212.231.246
9,Hazlett,Fasset,hfasset8@npr.org,Male,10.146.234.224
10,Kandy,Agirre,kagirre9@twitter.com,Female,118.241.149.197
11,Zondra,Paddington,zpaddingtona@gmpg.org,Female,159.39.241.52
12,Huntley,Parman,hparmanb@java.com,Male,235.133.222.122
13,Louisette,Gergely,lgergelyc@live.com,Female,15.223.128.247
14,Antonino,Giacomelli,agiacomellid@shutterfly.com,Male,210.160.225.139
15,Rad,Orys,roryse@digg.com,Male,25.169.55.124
16,Lindie,Staker,lstakerf@360.cn,Female,245.28.9.204
17,Hyatt,Glitherow,hglitherowg@indiegogo.com,Male,166.16.201.75
18,Cortney,Frill,cfrillh@list-manage.com,Female,158.13.126.139
19,Jilli,Fosdike,jfosdikei@howstuffworks.com,Female,214.77.70.144
20,Ingaborg,Sturrock,isturrockj@github.io,Female,164.7.27.250
21,Tess,Davisson,tdavissonk@rediff.com,Female,145.123.111.155
22,Teressa,Hamner,thamnerl@fc2.com,Female,1.73.200.40
23,Holly,Pennycord,hpennycordm@who.int,Female,95.234.223.69
24,Sydelle,Lindback,slindbackn@biglobe.ne.jp,Female,69.43.137.62
25,Vincenz,Deners,vdenerso@jigsy.com,Male,72.139.170.217
26,Jorge,Crow,jcrowp@ask.com,Male,230.104.178.179
27,Cull,Vedntyev,cvedntyevq@seesaa.net,Male,79.108.12.21
28,Clareta,Dudman,cdudmanr@google.co.jp,Female,152.14.103.248
29,Kimbra,Dwyer,kdwyers@indiegogo.com,Female,38.112.195.71
30,Jerrold,Di Carlo,jdicarlot@scribd.com,Non-binary,27.128.160.33
31,Janene,Hawket,jhawketu@yelp.com,Female,229.51.117.218
32,Kristy,Louden,kloudenv@sourceforge.net,Female,114.81.181.240
33,Phelia,Dawbery,pdawberyw@mapquest.com,Female,131.178.162.247
34,Christabel,Vayro,cvayrox@japanpost.jp,Female,90.18.154.154
35,Hale,Eddow,heddowy@plala.or.jp,Male,156.109.176.109
36,Dalila,Stathers,dstathersz@theglobeandmail.com,Female,119.51.240.8
37,Darcy,Ferronier,dferronier10@wsj.com,Female,233.236.229.181
38,Sophia,McMeyler,smcmeyler11@mashable.com,Female,121.130.165.18
39,Anestassia,Hovert,ahovert12@seattletimes.com,Female,239.101.111.103
40,Saba,Vicar,svicar13@skype.com,Female,44.8.142.17
41,Linus,Urling,lurling14@tumblr.com,Male,33.25.242.112
42,Gan,Smallwood,gsmallwood15@ezinearticles.com,Male,9.60.91.145
43,Dale,Tesdale,dtesdale16@dmoz.org,Genderfluid,156.182.148.87
44,Prudy,Lampkin,plampkin17@xing.com,Female,140.4.159.153
45,Harli,Woolston,hwoolston18@creativecommons.org,Agender,9.22.111.215
46,Jock,Aizikovitz,jaizikovitz19@feedburner.com,Agender,73.11.204.30
47,Annabella,Aubrun,aaubrun1a@mozilla.com,Female,78.172.226.245
48,Nicola,Eustes,neustes1b@discuz.net,Female,228.249.49.217
49,Gwyneth,Felce,gfelce1c@wiley.com,Female,78.45.223.64
50,Gilberta,Olland,golland1d@weather.com,Female,75.15.229.222
51,Herc,MacCombe,hmaccombe1e@wikipedia.org,Male,127.235.135.210
52,Dasie,Glen,dglen1f@yellowbook.com,Polygender,166.138.32.59
53,Idaline,Barkshire,ibarkshire1g@yahoo.co.jp,Female,225.94.122.93
54,Stacie,Bartle,sbartle1h@nydailynews.com,Female,161.250.44.46
55,Aida,Limpricht,alimpricht1i@tamu.edu,Bigender,62.123.24.70
56,Son,Gipson,sgipson1j@ebay.com,Male,135.18.79.43
57,Corly,McIlwain,cmcilwain1k@biblegateway.com,Female,145.32.134.254
58,Courtnay,Shitliffe,cshitliffe1l@skyrock.com,Male,210.110.1.101
59,Florencia,Whitebread,fwhitebread1m@upenn.edu,Female,171.101.209.19
60,Opalina,Greensitt,ogreensitt1n@statcounter.com,Female,22.41.85.166
61,Constantia,Bance,cbance1o@godaddy.com,Female,245.133.65.188
62,Meier,Satchell,msatchell1p@answers.com,Male,70.42.69.225
63,Prudence,McQuilkin,pmcquilkin1q@miibeian.gov.cn,Female,60.25.182.130
64,Nell,Guillon,nguillon1r@t.co,Female,65.225.43.119
65,Adora,Prestney,aprestney1s@narod.ru,Female,163.163.167.113
66,Stefanie,Gomez,sgomez1t@fotki.com,Genderqueer,55.90.206.57
67,Clark,Pawden,cpawden1u@dailymail.co.uk,Male,134.243.3.191
68,Rafaello,Beadle,rbeadle1v@hibu.com,Male,254.68.34.185
69,Guillemette,Barnbrook,gbarnbrook1w@wired.com,Female,235.50.2.187
70,Clevey,Caukill,ccaukill1x@flavors.me,Genderfluid,20.241.190.17
71,Truman,Celes,tceles1y@unc.edu,Male,191.123.58.163
72,Ade,Sotham,asotham1z@tripod.com,Polygender,128.142.152.162
73,Gerti,Wallis,gwallis20@cloudflare.com,Female,247.71.203.120
74,Berton,Hambelton,bhambelton21@myspace.com,Male,206.18.189.98
75,Mischa,Dounbare,mdounbare22@sogou.com,Agender,24.59.162.119
76,Fayette,Dulake,fdulake23@dell.com,Female,213.173.77.140
77,Roxy,Shorton,rshorton24@ihg.com,Female,232.236.250.190
78,Zeb,Smorthit,zsmorthit25@com.com,Male,67.197.107.50
79,Lilla,Winkett,lwinkett26@usa.gov,Female,133.9.206.189
80,Tom,Craufurd,tcraufurd27@mysql.com,Male,76.254.157.201
81,Henderson,Statersfield,hstatersfield28@cdbaby.com,Male,20.60.241.144
82,Carney,Banisch,cbanisch29@vk.com,Male,114.83.69.220
83,Ransom,Mizzen,rmizzen2a@ovh.net,Male,132.53.228.188
84,Erminia,Havill,ehavill2b@springer.com,Female,47.192.155.76
85,Shandie,Crowdson,scrowdson2c@nyu.edu,Female,98.109.192.128
86,Edsel,Boulder,eboulder2d@usatoday.com,Male,74.103.135.50
87,Malvina,Dearell,mdearell2e@google.fr,Female,163.98.215.250
88,Eimile,Farnish,efarnish2f@w3.org,Female,13.207.0.220
89,Elsbeth,Kittman,ekittman2g@scribd.com,Female,119.229.18.173
90,Melinda,Presswell,mpresswell2h@stanford.edu,Non-binary,211.125.243.155
91,Abdul,Risley,arisley2i@blogtalkradio.com,Male,26.172.153.12
92,Edgardo,Keyhoe,ekeyhoe2j@amazon.com,Male,74.130.192.156
93,Jacquenetta,Twitty,jtwitty2k@tamu.edu,Female,224.62.164.242
94,Leda,Raddan,lraddan2l@usnews.com,Female,247.59.221.157
95,Anne-corinne,Shevlane,ashevlane2m@macromedia.com,Female,128.228.75.73
96,Abel,Gillow,agillow2n@shutterfly.com,Male,38.76.122.104
97,Vinnie,Aristide,varistide2o@bluehost.com,Male,3.206.166.0
98,Yankee,Geratasch,ygeratasch2p@ed.gov,Male,150.61.242.114
99,Noreen,Vasyunichev,nvasyunichev2q@globo.com,Female,187.141.232.255
100,Garik,Melledy,gmelledy2r@biglobe.ne.jp,Genderqueer,214.41.113.116
101,Tally,Castleton,tcastleton2s@opera.com,Female,250.23.187.24
102,Ricky,Mabson,rmabson2t@surveymonkey.com,Female,122.162.162.220
103,Sile,Prier,sprier2u@hp.com,Female,145.17.194.237
104,Debee,Speaks,dspeaks2v@techcrunch.com,Female,33.248.46.250
105,Konstantine,Fetteplace,kfetteplace2w@washington.edu,Male,31.132.106.246
106,Hank,Newtown,hnewtown2x@vistaprint.com,Agender,33.134.230.80
107,Mathias,Excell,mexcell2y@oakley.com,Male,206.60.180.215
108,Delcine,Carswell,dcarswell2z@is.gd,Female,101.212.187.153
109,Terrijo,Reglar,treglar30@typepad.com,Female,88.20.127.197
110,Marybeth,Murkin,mmurkin31@house.gov,Female,13.249.15.194
111,Vivianna,Dawby,vdawby32@marketwatch.com,Female,88.14.147.24
112,Garreth,Romaynes,gromaynes33@hc360.com,Genderqueer,113.39.98.83
113,Roxanne,Siseland,rsiseland34@google.ru,Female,99.239.37.244
114,Berenice,De Lascy,bdelascy35@dell.com,Female,4.190.121.61
115,Grethel,Newhouse,gnewhouse36@quantcast.com,Female,130.157.32.129
116,Mari,Bousler,mbousler37@earthlink.net,Female,6.180.198.208
117,Fina,Caplin,fcaplin38@php.net,Female,231.77.244.97
118,Winni,Iddiens,widdiens39@people.com.cn,Female,183.253.37.187
119,Ross,Bingell,rbingell3a@illinois.edu,Male,219.228.211.103
120,Elyssa,Baggott,ebaggott3b@soup.io,Female,172.47.187.84
121,Phillip,Kermit,pkermit3c@usgs.gov,Male,168.127.143.182
122,Aloin,Wallis,awallis3d@diigo.com,Male,251.202.171.221
123,Harri,Lamburn,hlamburn3e@about.com,Bigender,186.9.31.148
124,Agna,Bamell,abamell3f@epa.gov,Female,40.185.253.169
125,Marius,Nutbeem,mnutbeem3g@wordpress.org,Male,57.67.113.245
126,Elihu,Imesen,eimesen3h@liveinternet.ru,Male,130.17.224.98
127,Edgardo,Tiler,etiler3i@rediff.com,Polygender,30.142.240.160
128,Theressa,Cardozo,tcardozo3j@blogs.com,Female,120.25.42.204
129,Renard,Richarz,rricharz3k@yale.edu,Male,16.161.11.165
130,Griswold,Paulin,gpaulin3l@squarespace.com,Male,205.162.196.141
131,Oliviero,Groven,ogroven3m@cloudflare.com,Male,171.32.209.159
132,Bailie,McNelis,bmcnelis3n@mysql.com,Male,166.84.209.113
133,Sawyere,Dossett,sdossett3o@psu.edu,Male,66.186.213.174
134,Garvin,Vesque,gvesque3p@amazon.co.uk,Genderfluid,247.59.40.52
135,Wilie,Di Lucia,wdilucia3q@taobao.com,Female,236.186.137.135
136,Alvan,Bryceson,abryceson3r@booking.com,Male,24.139.62.228
137,Mabelle,Masse,mmasse3s@ameblo.jp,Female,65.188.191.45
138,Shannan,Virgin,svirgin3t@nih.gov,Male,177.235.73.55
139,Tamara,Blasdale,tblasdale3u@vk.com,Female,186.11.194.74
140,Rip,Cordall,rcordall3v@spiegel.de,Male,4.59.106.205
141,Aldus,Harrowsmith,aharrowsmith3w@latimes.com,Male,64.97.205.47
142,Bastien,Taber,btaber3x@deliciousdays.com,Male,82.31.248.204
143,Jethro,Royans,jroyans3y@harvard.edu,Male,225.151.113.28
144,Donny,Rackstraw,drackstraw3z@vinaora.com,Female,61.4.18.11
145,Ossie,Ledwitch,oledwitch40@parallels.com,Male,177.203.59.126
146,Emelen,Hankin,ehankin41@google.com,Male,23.32.77.74
147,Alon,Stendell,astendell42@weather.com,Male,63.208.235.98
148,Etheline,Coulton,ecoulton43@digg.com,Female,54.231.38.119
149,Timothee,Kolczynski,tkolczynski44@tripod.com,Male,254.20.216.244
150,Barny,Sawtell,bsawtell45@flickr.com,Male,223.239.103.86
151,Franni,Sodo,fsodo46@china.com.cn,Female,155.11.79.226
152,Holden,Chatelain,hchatelain47@imdb.com,Male,183.151.161.48
153,Toby,McNirlin,tmcnirlin48@patch.com,Male,80.126.2.40
154,Regen,Kennicott,rkennicott49@eepurl.com,Male,161.25.146.16
155,Dorette,Paradise,dparadise4a@ft.com,Polygender,198.159.186.66
156,Ilse,Carefull,icarefull4b@prnewswire.com,Polygender,196.97.146.71
157,Wallace,Di Matteo,wdimatteo4c@wikipedia.org,Male,229.100.243.246
158,Augustus,O'Cannon,aocannon4d@tinyurl.com,Male,23.151.57.107
159,Renell,Kasbye,rkasbye4e@prweb.com,Genderqueer,123.206.170.73
160,Gale,Swin,gswin4f@purevolume.com,Female,129.34.53.48
161,Regina,Presnell,rpresnell4g@microsoft.com,Agender,200.203.75.1
162,Emmalee,Matyushonok,ematyushonok4h@rakuten.co.jp,Female,189.218.133.79
163,Aimil,Scarratt,ascarratt4i@narod.ru,Genderfluid,144.178.183.6
164,Querida,Mapes,qmapes4j@creativecommons.org,Female,100.184.222.214
165,Dill,Gerb,dgerb4k@booking.com,Genderqueer,212.203.15.132
166,Issi,Jirusek,ijirusek4l@elpais.com,Female,196.164.224.81
167,Griz,Blackhall,gblackhall4m@upenn.edu,Male,139.50.111.177
168,Nathanael,Tidball,ntidball4n@pcworld.com,Male,238.119.24.160
169,Alison,Josefer,ajosefer4o@pen.io,Female,69.182.48.24
170,Kerrin,Aitchison,kaitchison4p@archive.org,Female,222.156.58.206
171,Reinhard,Huntingdon,rhuntingdon4q@odnoklassniki.ru,Male,56.235.239.186
172,Adeline,MacShirie,amacshirie4r@typepad.com,Female,12.182.17.180
173,Jacinta,Crambie,jcrambie4s@ed.gov,Female,219.118.226.172
174,Leonie,Cornier,lcornier4t@google.cn,Female,82.226.204.118
175,Elton,Dorrington,edorrington4u@canalblog.com,Male,234.44.89.40
176,Gerry,Lesor,glesor4v@whitehouse.gov,Male,57.39.0.114
177,Angelique,Sobtka,asobtka4w@issuu.com,Female,207.170.111.112
178,Holli,Mariot,hmariot4x@salon.com,Female,156.255.188.14
179,Barnaby,Gothrup,bgothrup4y@cnn.com,Male,55.76.106.215
180,Manny,Ericssen,mericssen4z@google.co.jp,Male,76.244.252.32
181,Giusto,Hairon,ghairon50@gravatar.com,Male,17.144.11.166
182,Lavinie,Vesque,lvesque51@pinterest.com,Genderqueer,148.134.90.132
183,Clevie,Soppeth,csoppeth52@ovh.net,Male,17.86.233.203
184,Tedman,Cotta,tcotta53@t.co,Male,12.182.164.100
185,Atalanta,Kindleside,akindleside54@goo.ne.jp,Female,65.135.252.236
186,Meggy,Porteous,mporteous55@home.pl,Female,25.155.132.60
187,Myrle,Lorenzetti,mlorenzetti56@businesswire.com,Female,106.56.170.176
188,Hastie,Clell,hclell57@eventbrite.com,Genderqueer,150.238.52.136
189,Giulia,Shipman,gshipman58@wp.com,Female,152.28.120.120
190,Felice,Gantzman,fgantzman59@thetimes.co.uk,Male,112.159.93.152
191,Nelia,Durbridge,ndurbridge5a@github.io,Agender,247.248.238.188
192,Patty,Amburgy,pamburgy5b@omniture.com,Female,45.250.136.43
193,Harlie,De Gowe,hdegowe5c@utexas.edu,Female,158.226.184.50
194,Garrard,Dilgarno,gdilgarno5d@e-recht24.de,Male,0.132.41.236
195,Lowell,Gerrit,lgerrit5e@eepurl.com,Male,7.215.181.157
196,Vina,Felix,vfelix5f@blogs.com,Non-binary,125.103.83.130
197,Mickie,Swaddle,mswaddle5g@jimdo.com,Female,150.3.140.237
198,Ky,Padilla,kpadilla5h@prnewswire.com,Male,170.102.47.254
199,Sheelah,Royl,sroyl5i@dot.gov,Female,0.135.16.53
200,Dalli,Giacomo,dgiacomo5j@networksolutions.com,Male,7.75.87.116
201,Alwyn,Caught,acaught5k@eepurl.com,Male,21.44.122.231
202,Gracie,Mungan,gmungan5l@barnesandnoble.com,Female,85.127.109.160
203,Wolfy,Persian,wpersian5m@senate.gov,Male,61.100.169.231
204,Carilyn,Larwell,clarwell5n@sohu.com,Polygender,39.131.11.253
205,Valaria,Gilyatt,vgilyatt5o@imdb.com,Female,232.84.85.247
206,Ardeen,Keller,akeller5p@princeton.edu,Female,158.111.42.29
207,Essa,McGahey,emcgahey5q@cyberchimps.com,Female,53.131.34.11
208,Derron,Godwyn,dgodwyn5r@xrea.com,Male,252.199.2.44
209,Karie,Chatelot,kchatelot5s@de.vu,Female,162.77.168.178
210,Honoria,Grunwall,hgrunwall5t@pen.io,Female,221.179.91.5
211,Egor,Vasyukhnov,evasyukhnov5u@last.fm,Male,19.203.53.170
212,Victoria,Ivons,vivons5v@reverbnation.com,Female,7.164.179.213
213,Candis,Drennan,cdrennan5w@ezinearticles.com,Female,68.26.245.78
214,Giacopo,Lochead,glochead5x@sphinn.com,Male,201.115.6.249
215,Elinore,Wiskar,ewiskar5y@ebay.co.uk,Genderfluid,147.118.105.120
216,Krystyna,Pennyman,kpennyman5z@squidoo.com,Female,206.255.198.75
217,Denver,Cogley,dcogley60@free.fr,Genderfluid,63.14.253.7
218,Ransom,Kiehne,rkiehne61@creativecommons.org,Male,236.170.192.58
219,Elonore,Chavez,echavez62@goo.ne.jp,Genderfluid,210.22.1.219
220,Adham,Hamly,ahamly63@tmall.com,Male,234.240.240.58
221,Matilde,Farnes,mfarnes64@aboutads.info,Female,97.35.134.50
222,Robinet,Keepence,rkeepence65@stumbleupon.com,Male,123.22.147.115
223,Roxy,Spedroni,rspedroni66@paginegialle.it,Genderfluid,97.60.83.96
224,Billy,Hartgill,bhartgill67@unesco.org,Male,219.170.77.215
225,Jerrome,Sulley,jsulley68@yale.edu,Male,43.197.91.7
226,Christian,Greenhalgh,cgreenhalgh69@wikispaces.com,Female,213.44.145.86
227,Nikki,Marris,nmarris6a@japanpost.jp,Male,66.172.31.135
228,Berthe,Durrand,bdurrand6b@vkontakte.ru,Female,234.208.233.1
229,Elle,Purry,epurry6c@twitpic.com,Female,238.53.247.231
230,Serena,Barbery,sbarbery6d@apache.org,Female,156.105.85.14
231,Hastings,Worley,hworley6e@state.tx.us,Male,203.188.183.27
232,Kailey,Dunford,kdunford6f@go.com,Female,32.118.114.87
233,Duke,Whale,dwhale6g@sun.com,Male,168.215.155.44
234,Leonid,Aukland,laukland6h@diigo.com,Male,46.116.122.129
235,Godfree,Capper,gcapper6i@diigo.com,Male,134.116.23.254
236,Lou,Bamb,lbamb6j@ehow.com,Female,49.203.146.151
237,Merry,Quittonden,mquittonden6k@gizmodo.com,Female,71.130.135.224
238,Johnathan,Guthrie,jguthrie6l@w3.org,Male,169.141.170.11
239,Ardelle,Penylton,apenylton6m@ask.com,Female,233.201.113.211
240,Gal,Robarts,grobarts6n@blogger.com,Male,137.104.177.159
241,Tatum,Splevings,tsplevings6o@fda.gov,Female,185.48.35.145
242,Aimil,Fritz,afritz6p@people.com.cn,Female,185.247.137.137
243,Michaela,Greenman,mgreenman6q@slideshare.net,Female,255.43.68.48
244,Tara,Aldins,taldins6r@xing.com,Female,34.212.168.127
245,Melba,Barrar,mbarrar6s@uol.com.br,Female,16.128.211.174
246,Hymie,Goring,hgoring6t@amazonaws.com,Male,124.200.133.131
247,Moira,Walding,mwalding6u@shareasale.com,Genderfluid,183.190.216.184
248,Griff,Mallia,gmallia6v@ning.com,Male,240.163.102.34
249,Cathe,Gibbieson,cgibbieson6w@who.int,Female,235.123.108.242
250,Iseabal,Rispin,irispin6x@prlog.org,Non-binary,34.252.44.251
251,Nicol,Stacey,nstacey6y@ucla.edu,Female,127.143.221.151
252,Corry,Leitch,cleitch6z@indiatimes.com,Female,11.181.189.18
253,Masha,Poytress,mpoytress70@sciencedirect.com,Female,98.23.243.2
254,Brooke,Cockle,bcockle71@techcrunch.com,Male,153.252.211.211
255,Charlean,Baudet,cbaudet72@linkedin.com,Female,193.70.242.32
256,Calvin,Krollmann,ckrollmann73@e-recht24.de,Non-binary,13.57.158.254
257,Leeland,Colkett,lcolkett74@pen.io,Genderfluid,55.228.225.120
258,Luca,Paddle,lpaddle75@trellian.com,Male,142.90.187.74
259,Montague,Proughten,mproughten76@businessweek.com,Bigender,53.144.202.151
260,Sue,Tebbut,stebbut77@nbcnews.com,Female,60.181.15.245
261,Mortie,Haseley,mhaseley78@kickstarter.com,Bigender,125.86.26.143
262,Kellie,Froude,kfroude79@lulu.com,Female,208.16.18.76
263,Lorna,Neasham,lneasham7a@dedecms.com,Female,108.255.146.90
264,Chane,Dishmon,cdishmon7b@ucoz.com,Male,8.141.91.111
265,Olia,Melonby,omelonby7c@howstuffworks.com,Female,107.221.49.215
266,Gabriel,Kisby,gkisby7d@gizmodo.com,Male,169.1.240.199
267,Abram,David,adavid7e@ning.com,Male,65.64.203.250
268,Sarena,Allix,sallix7f@ezinearticles.com,Female,174.59.165.93
269,Gerianne,Arman,garman7g@liveinternet.ru,Female,96.9.135.56
270,Henderson,Cuncarr,hcuncarr7h@t.co,Male,207.154.122.182
271,Carree,Semaine,csemaine7i@gnu.org,Female,59.128.250.209
272,Nico,Bartolozzi,nbartolozzi7j@oaic.gov.au,Male,122.72.170.87
273,Ulises,Dorton,udorton7k@mysql.com,Male,152.63.130.125
274,Tyson,Toomey,ttoomey7l@baidu.com,Polygender,102.60.46.119
275,Izzy,Ollander,iollander7m@springer.com,Male,121.192.91.9
276,Dynah,Seago,dseago7n@163.com,Female,95.94.233.107
277,Jasper,Tampin,jtampin7o@usda.gov,Male,62.217.196.189
278,Trevor,Letten,tletten7p@imdb.com,Male,183.58.66.159
279,Bethina,Brose,bbrose7q@buzzfeed.com,Female,171.131.90.215
280,Antoni,Frere,afrere7r@house.gov,Male,102.182.243.37
281,Mina,Mahaddy,mmahaddy7s@salon.com,Female,235.86.255.181
282,Jermaine,Pfaffe,jpfaffe7t@youku.com,Female,67.95.53.224
283,Mari,Fogg,mfogg7u@ocn.ne.jp,Female,193.3.110.245
284,Babs,Speare,bspeare7v@blog.com,Female,172.89.132.176
285,Rem,Lacaze,rlacaze7w@yellowbook.com,Agender,6.116.109.74
286,Cassius,Brompton,cbrompton7x@amazon.com,Male,123.135.155.96
287,Salomon,Kauble,skauble7y@vistaprint.com,Male,251.245.198.41
288,Pietro,Cheyney,pcheyney7z@cargocollective.com,Male,151.87.51.10
289,Isabel,Hannis,ihannis80@rambler.ru,Female,201.247.107.255
290,Hyacinthia,Smyley,hsmyley81@columbia.edu,Female,104.204.32.174
291,Batholomew,Sutheran,bsutheran82@ebay.com,Male,49.147.176.6
292,Reynard,Drummond,rdrummond83@marketwatch.com,Male,84.64.212.164
293,Estele,Binnie,ebinnie84@infoseek.co.jp,Female,96.54.1.220
294,Bill,De Morena,bdemorena85@qq.com,Male,190.240.154.33
295,Buckie,Roussell,broussell86@engadget.com,Male,73.31.124.108
296,Ambrosi,Guyton,aguyton87@tripadvisor.com,Male,236.154.124.34
297,Isabelita,Flanigan,iflanigan88@arstechnica.com,Female,106.81.77.176
298,Rowe,Corley,rcorley89@yahoo.co.jp,Female,19.211.146.7
299,Patrizius,Dusting,pdusting8a@statcounter.com,Male,83.117.103.38
300,Victoir,Belcher,vbelcher8b@scribd.com,Male,16.74.31.222
301,Pepi,Vanni,pvanni8c@usgs.gov,Female,24.110.194.103
302,Cornie,Mathys,cmathys8d@purevolume.com,Male,235.220.39.96
303,Rufus,Hassur,rhassur8e@ask.com,Male,55.61.131.105
304,Kaiser,Beasley,kbeasley8f@ox.ac.uk,Male,194.95.228.142
305,Jemmie,Corpes,jcorpes8g@vk.com,Female,3.115.9.216
306,Dasie,Shaefer,dshaefer8h@bizjournals.com,Female,113.40.80.78
307,Elane,Bewfield,ebewfield8i@sogou.com,Female,84.235.134.22
308,Trenna,Blencowe,tblencowe8j@ucsd.edu,Female,250.226.33.245
309,Prescott,Jillins,pjillins8k@ask.com,Male,53.13.40.67
310,Franzen,Tripcony,ftripcony8l@de.vu,Male,22.105.132.126
311,Sissie,Astill,sastill8m@gov.uk,Female,35.84.86.101
312,Jaquelyn,Treanor,jtreanor8n@vimeo.com,Female,130.226.172.49
313,Cornie,Foxhall,cfoxhall8o@ezinearticles.com,Female,22.234.118.170
314,Taddeusz,Artz,tartz8p@blogspot.com,Bigender,27.93.124.148
315,Rayna,Southeran,rsoutheran8q@mashable.com,Female,169.26.226.242
316,Salmon,Keenan,skeenan8r@ox.ac.uk,Male,55.120.175.200
317,Dion,Furst,dfurst8s@rakuten.co.jp,Female,74.120.75.92
318,Bay,Adicot,badicot8t@github.com,Male,0.68.165.195
319,Tova,Kolis,tkolis8u@example.com,Female,133.0.99.122
320,Lion,Klagges,lklagges8v@flavors.me,Male,71.94.211.53
321,Fanchon,MacNeill,fmacneill8w@bbb.org,Female,159.102.17.230
322,Danny,Golton,dgolton8x@xing.com,Male,178.50.104.189
323,Carissa,McQuillan,cmcquillan8y@github.com,Female,54.124.214.24
324,Rodi,Brodest,rbrodest8z@com.com,Female,92.95.89.205
325,Edmon,Josskowitz,ejosskowitz90@vistaprint.com,Male,242.30.249.141
326,Dorelia,Dawley,ddawley91@oracle.com,Female,125.48.163.68
327,Leonanie,Statter,lstatter92@who.int,Female,159.170.55.97
328,Leroy,Rivitt,lrivitt93@hc360.com,Male,157.151.20.23
329,Raine,Geraldi,rgeraldi94@barnesandnoble.com,Female,26.95.201.114
330,Candace,Maysor,cmaysor95@cargocollective.com,Female,126.23.209.71
331,Flemming,Pisculli,fpisculli96@ibm.com,Male,150.114.134.102
332,Juli,Minet,jminet97@dailymail.co.uk,Female,189.36.71.159
333,Zebadiah,Grundle,zgrundle98@squarespace.com,Male,141.4.225.198
334,Rea,Joyce,rjoyce99@bloomberg.com,Polygender,21.33.241.119
335,Marnie,O'Hannay,mohannay9a@webs.com,Female,79.99.175.53
336,Jocko,Davana,jdavana9b@prweb.com,Male,6.3.186.13
337,Lion,Weigh,lweigh9c@ucla.edu,Male,143.69.90.33
338,Marietta,Whimp,mwhimp9d@purevolume.com,Polygender,135.152.12.17
339,Tibold,McKeady,tmckeady9e@dedecms.com,Male,139.8.120.230
340,Vera,Holbarrow,vholbarrow9f@simplemachines.org,Female,198.135.182.121
341,Otes,Beautyman,obeautyman9g@csmonitor.com,Male,127.159.64.223
342,Laurena,Pindar,lpindar9h@symantec.com,Female,195.100.93.138
343,Frayda,Gudahy,fgudahy9i@diigo.com,Female,186.57.228.142
344,Cristie,Overington,coverington9j@nydailynews.com,Female,145.59.228.79
345,Mara,Whitlam,mwhitlam9k@mac.com,Female,19.104.222.115
346,Nataniel,Hakey,nhakey9l@archive.org,Male,205.33.234.85
347,Clayborn,Isacq,cisacq9m@photobucket.com,Male,10.58.100.58
348,Monah,Dougher,mdougher9n@nyu.edu,Female,247.8.30.142
349,Quinlan,Clausen-Thue,qclausenthue9o@canalblog.com,Male,248.234.198.116
350,Rhys,Deighan,rdeighan9p@miibeian.gov.cn,Male,255.140.64.74
351,Ilyse,Dibb,idibb9q@storify.com,Female,125.16.95.207
352,Robbyn,Torpie,rtorpie9r@biglobe.ne.jp,Female,205.169.74.0
353,Ware,Maffioni,wmaffioni9s@people.com.cn,Male,255.37.121.121
354,Jaimie,Veschi,jveschi9t@imdb.com,Female,35.93.200.42
355,Kory,Mashal,kmashal9u@columbia.edu,Male,90.53.216.124
356,Sidoney,Ramiro,sramiro9v@netlog.com,Female,32.49.86.27
357,Barth,Scandrite,bscandrite9w@privacy.gov.au,Male,135.175.176.67
358,Zitella,Baytrop,zbaytrop9x@thetimes.co.uk,Female,186.8.242.176
359,Brandie,Gerran,bgerran9y@networkadvertising.org,Female,17.90.42.153
360,Ealasaid,Rainsbury,erainsbury9z@shutterfly.com,Female,121.42.189.70
361,Aron,Pratchett,apratchetta0@upenn.edu,Male,237.54.34.20
362,Chrissie,Lingfoot,clingfoota1@spiegel.de,Female,1.250.177.72
363,Anna-diane,Tigner,atignera2@nyu.edu,Female,198.100.163.156
364,Britt,Marzellano,bmarzellanoa3@baidu.com,Female,202.73.17.55
365,Kele,Gemeau,kgemeaua4@sfgate.com,Male,181.236.152.45
366,Hodge,Gaishson,hgaishsona5@clickbank.net,Male,118.3.159.148
367,Esteban,Flintiff,eflintiffa6@dell.com,Male,63.158.166.25
368,Timoteo,Richemond,trichemonda7@lulu.com,Male,53.184.74.113
369,Pail,Curtayne,pcurtaynea8@ocn.ne.jp,Male,186.65.172.78
370,Flo,Mullard,fmullarda9@quantcast.com,Female,199.153.5.212
371,Crichton,Ghidoli,cghidoliaa@google.fr,Male,255.69.81.210
372,Berky,Sartin,bsartinab@omniture.com,Male,4.216.221.29
373,Orrin,Cole,ocoleac@meetup.com,Male,35.50.182.203
374,Winonah,Constantine,wconstantinead@princeton.edu,Female,191.80.76.94
375,Markus,Gueny,mguenyae@behance.net,Male,139.99.36.222
376,Humfrid,Bonney,hbonneyaf@example.com,Male,67.182.187.134
377,Clarabelle,Ziems,cziemsag@auda.org.au,Female,15.196.182.254
378,Auroora,Counter,acounterah@lycos.com,Agender,19.28.245.44
379,Mano,Kordes,mkordesai@altervista.org,Male,169.3.142.109
380,Carry,Terne,cterneaj@netscape.com,Female,215.91.59.162
381,Karalee,Littlefield,klittlefieldak@umich.edu,Female,180.97.112.24
382,Fan,Garci,fgarcial@biglobe.ne.jp,Female,186.246.199.26
383,Cleve,Howcroft,chowcroftam@nyu.edu,Male,113.254.130.150
384,Burk,Copas,bcopasan@livejournal.com,Male,227.98.194.188
385,Marne,Lampke,mlampkeao@abc.net.au,Female,20.180.14.47
386,Emalia,Gregg,egreggap@bing.com,Female,192.79.225.210
387,Kania,Clappison,kclappisonaq@businesswire.com,Female,254.54.230.28
388,Cleon,Vardey,cvardeyar@e-recht24.de,Male,136.39.102.67
389,Neill,Bellini,nbellinias@vkontakte.ru,Polygender,93.197.92.100
390,Lynne,Anstee,lansteeat@wisc.edu,Genderfluid,210.175.143.166
391,Shanna,Ham,shamau@domainmarket.com,Female,175.124.10.227
392,Karin,Snar,ksnarav@umn.edu,Female,115.226.92.125
393,Flory,Newby,fnewbyaw@tumblr.com,Female,179.189.216.171
394,Carolus,Farman,cfarmanax@ow.ly,Male,108.91.173.16
395,Lauryn,Barthorpe,lbarthorpeay@slate.com,Female,247.240.249.236
396,Giacopo,McDonell,gmcdonellaz@ucoz.com,Male,117.9.165.89
397,Shelden,Stiell,sstiellb0@cam.ac.uk,Male,238.194.87.38
398,Mariette,Spriggin,msprigginb1@cbc.ca,Female,236.189.99.106
399,Mordy,Descroix,mdescroixb2@com.com,Male,252.170.8.80
400,Humbert,Simmill,hsimmillb3@go.com,Genderfluid,111.28.178.166
401,Lorri,Gemnett,lgemnettb4@hp.com,Female,32.124.63.14
402,Jourdan,Clemow,jclemowb5@dmoz.org,Female,172.109.101.144
403,Anselm,Teasey,ateaseyb6@com.com,Male,85.205.18.243
404,Burke,McGarrahan,bmcgarrahanb7@foxnews.com,Male,63.222.169.158
405,Angie,Bakhrushin,abakhrushinb8@wordpress.com,Male,180.139.167.227
406,Marris,Swinyard,mswinyardb9@biglobe.ne.jp,Female,172.161.193.65
407,Quint,Playfair,qplayfairba@so-net.ne.jp,Male,117.64.89.138
408,Else,Woollin,ewoollinbb@blog.com,Female,101.244.146.4
409,Buddie,Imesen,bimesenbc@gizmodo.com,Male,48.206.131.85
410,Hulda,Farlow,hfarlowbd@dell.com,Female,244.193.140.27
411,Perla,Castellani,pcastellanibe@sun.com,Female,46.54.8.64
412,Kasper,Nairn,knairnbf@spiegel.de,Male,226.34.76.154
413,Chanda,Lavender,clavenderbg@msn.com,Female,193.246.91.87
414,Laurie,Burel,lburelbh@sina.com.cn,Male,183.212.24.103
415,Alex,Crowthe,acrowthebi@a8.net,Male,198.20.85.84
416,Redford,Gresswood,rgresswoodbj@fema.gov,Male,117.160.169.146
417,Genny,Rosin,grosinbk@icio.us,Female,102.144.242.25
418,Joanne,Wallenger,jwallengerbl@home.pl,Female,29.197.115.166
419,Dalton,Guerner,dguernerbm@weibo.com,Male,176.220.93.253
420,Klemens,Barrows,kbarrowsbn@digg.com,Male,152.29.142.108
421,Etienne,Hollyman,ehollymanbo@chicagotribune.com,Male,6.156.210.244
422,Bennie,Oleshunin,boleshuninbp@networkadvertising.org,Male,89.226.107.224
423,Stormi,Gauchier,sgauchierbq@fda.gov,Female,84.162.55.8
424,Boothe,Kingsnorth,bkingsnorthbr@wix.com,Male,217.110.137.25
425,Son,O'Deoran,sodeoranbs@diigo.com,Male,119.2.234.39
426,Kirby,Della,kdellabt@reddit.com,Female,46.28.146.180
427,Xylina,McLucas,xmclucasbu@canalblog.com,Female,132.121.74.112
428,Kinnie,Archell,karchellbv@yelp.com,Male,99.162.246.84
429,Mar,Kase,mkasebw@gravatar.com,Male,154.70.181.11
430,Inessa,Boocock,iboocockbx@ed.gov,Female,87.224.47.55
431,Jere,Moxham,jmoxhamby@spotify.com,Male,42.136.198.190
432,Ferdie,Sarsons,fsarsonsbz@quantcast.com,Male,15.183.17.6
433,Boigie,Rustadge,brustadgec0@guardian.co.uk,Male,233.77.182.98
434,Perry,Barczewski,pbarczewskic1@creativecommons.org,Female,100.59.106.205
435,Ilario,Brussell,ibrussellc2@google.cn,Male,142.243.224.187
436,Danit,Dashper,ddashperc3@bloglovin.com,Female,214.36.154.163
437,Jonah,Moorerud,jmoorerudc4@issuu.com,Male,249.153.69.254
438,Louisa,Rait,lraitc5@delicious.com,Female,42.15.24.85
439,Boone,Dulake,bdulakec6@1und1.de,Male,90.232.202.82
440,Ellette,Crumley,ecrumleyc7@wordpress.org,Female,239.151.122.36
441,Lou,Antusch,lantuschc8@google.nl,Bigender,77.91.89.241
442,Laurie,Gookey,lgookeyc9@bigcartel.com,Female,172.170.232.94
443,Dulcinea,Brinsden,dbrinsdenca@privacy.gov.au,Non-binary,95.24.113.75
444,Cherianne,Oleszkiewicz,coleszkiewiczcb@fc2.com,Female,53.73.246.238
445,Benedict,Tuckwell,btuckwellcc@bing.com,Male,10.113.16.65
446,Rey,Tresvina,rtresvinacd@go.com,Female,255.250.81.20
447,Jimmie,Easey,jeaseyce@ibm.com,Male,8.196.108.56
448,Emilee,Eannetta,eeannettacf@miibeian.gov.cn,Female,62.208.4.217
449,Brena,Steane,bsteanecg@nytimes.com,Female,238.216.126.156
450,Nona,Davidai,ndavidaich@paypal.com,Female,72.8.128.3
451,Barbra,Treacher,btreacherci@wisc.edu,Female,124.155.83.72
452,Steffen,Enefer,senefercj@unblog.fr,Male,70.114.88.157
453,Astrid,Darnborough,adarnboroughck@accuweather.com,Female,205.149.104.58
454,Rice,Wickman,rwickmancl@nhs.uk,Male,67.144.144.207
455,Claybourne,Aylesbury,caylesburycm@virginia.edu,Male,111.251.21.169
456,Milena,MacNeely,mmacneelycn@list-manage.com,Female,193.232.129.223
457,Alidia,Sher,asherco@last.fm,Female,89.215.50.151
458,Edik,Lighten,elightencp@arstechnica.com,Male,59.60.76.235
459,Melisande,McEvay,mmcevaycq@facebook.com,Female,104.76.255.38
460,Stavro,Gouck,sgouckcr@wordpress.com,Male,92.69.83.234
461,Lissy,Sturmey,lsturmeycs@ameblo.jp,Female,224.229.76.32
462,Everard,Tuck,etuckct@uol.com.br,Male,48.46.129.141
463,Adora,Lanfranchi,alanfranchicu@nymag.com,Female,106.24.38.114
464,Maud,Eschelle,meschellecv@bbc.co.uk,Female,162.254.203.142
465,Sib,Whitesel,swhiteselcw@surveymonkey.com,Female,155.75.33.43
466,Demetris,MacEvilly,dmacevillycx@dagondesign.com,Female,119.151.101.25
467,Erna,Sanja,esanjacy@china.com.cn,Female,19.58.66.35
468,Sharlene,Stirrip,sstirripcz@a8.net,Female,218.230.113.239
469,Budd,Borrel,bborreld0@spotify.com,Male,73.170.51.218
470,Myca,Petican,mpeticand1@elegantthemes.com,Male,155.87.229.121
471,Garik,Dudney,gdudneyd2@reference.com,Male,36.214.159.219
472,Falkner,Caffery,fcafferyd3@accuweather.com,Male,81.185.162.166
473,Keen,Hanmore,khanmored4@parallels.com,Male,219.85.76.248
474,Todd,Kiefer,tkieferd5@imdb.com,Male,112.194.96.225
475,Lilyan,Kirkbride,lkirkbrided6@fastcompany.com,Female,70.245.14.179
476,Daryl,Baynton,dbayntond7@cnn.com,Female,237.20.105.34
477,Sheri,Brunstan,sbrunstand8@yellowpages.com,Female,239.112.74.199
478,Lucian,Wormell,lwormelld9@squarespace.com,Male,171.86.207.92
479,Pen,Merrison,pmerrisonda@acquirethisname.com,Female,218.240.187.71
480,Fax,Goss,fgossdb@patch.com,Male,115.14.193.138
481,Lionello,Horsey,lhorseydc@adobe.com,Male,254.49.159.96
482,Debera,Bussens,dbussensdd@fema.gov,Female,196.26.230.81
483,Granthem,Sarath,gsarathde@mozilla.org,Male,200.21.67.233
484,Land,Cherrison,lcherrisondf@nba.com,Male,175.53.91.199
485,Arlan,Roxbee,aroxbeedg@dropbox.com,Male,73.2.117.222
486,Raffarty,Barkes,rbarkesdh@state.tx.us,Male,224.142.108.223
487,Kissie,Presman,kpresmandi@cloudflare.com,Female,244.86.97.98
488,Dolly,Lody,dlodydj@ucla.edu,Female,231.254.30.76
489,Hart,Storch,hstorchdk@ihg.com,Male,125.37.250.87
490,Goldia,Haslen,ghaslendl@ted.com,Female,44.176.240.103
491,Maiga,Baggaley,mbaggaleydm@narod.ru,Agender,154.225.44.100
492,Daryle,Bauman,dbaumandn@furl.net,Male,99.21.92.87
493,Mord,Keppy,mkeppydo@ebay.com,Male,180.165.212.247
494,Oralia,Schenfisch,oschenfischdp@wsj.com,Female,190.144.247.143
495,Avie,Wolton,awoltondq@imgur.com,Female,48.184.97.39
496,Elka,Folliott,efolliottdr@networksolutions.com,Female,171.91.178.57
497,Pavel,Nibloe,pnibloeds@buzzfeed.com,Male,111.164.79.246
498,Carol-jean,Chasles,cchaslesdt@cargocollective.com,Female,13.189.143.136
499,Elnora,Hullins,ehullinsdu@patch.com,Female,8.113.214.157
500,Daffy,Filer,dfilerdv@symantec.com,Female,186.109.200.108
501,Marion,Trowel,mtroweldw@tinyurl.com,Male,98.183.206.65
502,Audi,Dight,adightdx@samsung.com,Female,103.6.131.179
503,Burke,Sprott,bsprottdy@creativecommons.org,Male,29.132.176.249
504,Read,Lillee,rlilleedz@digg.com,Male,212.207.172.149
505,Wendell,Ackenson,wackensone0@flavors.me,Non-binary,96.226.187.218
506,Rollie,Kalinke,rkalinkee1@cdbaby.com,Male,253.128.197.210
507,Elsi,Daouse,edaousee2@bandcamp.com,Female,82.151.36.184
508,Ursula,McGeagh,umcgeaghe3@google.com,Female,109.235.180.114
509,Jonis,McCandless,jmccandlesse4@sbwire.com,Female,110.52.160.54
510,Ardelis,Perott,aperotte5@bloomberg.com,Female,143.217.174.108
511,Eartha,Bray,ebraye6@dot.gov,Female,108.204.33.118
512,Robbyn,Denney,rdenneye7@state.tx.us,Female,77.73.147.231
513,Salomone,Needs,sneedse8@hud.gov,Male,142.229.160.80
514,Zaccaria,Jeckell,zjeckelle9@creativecommons.org,Male,36.64.86.172
515,Ferrel,Tyers,ftyersea@squarespace.com,Male,231.158.153.2
516,Ursola,Leynton,uleyntoneb@yellowpages.com,Female,66.142.249.247
517,Tuesday,Northcott,tnorthcottec@scientificamerican.com,Female,84.116.193.212
518,Menard,Wear,mweared@ca.gov,Polygender,109.251.174.250
519,Eugen,Mc Coughan,emccoughanee@abc.net.au,Male,170.62.173.144
520,Ramon,Neissen,rneissenef@google.nl,Male,53.14.71.57
521,Pascale,Dudlestone,pdudlestoneeg@1und1.de,Male,237.33.160.120
522,Normand,Shearme,nshearmeeh@elegantthemes.com,Male,83.253.44.187
523,Eamon,Normavell,enormavellei@netlog.com,Male,134.224.180.173
524,Ralph,Spaunton,rspauntonej@nsw.gov.au,Male,208.154.189.48
525,Daryl,D'Ambrosio,ddambrosioek@bloglovin.com,Male,135.118.130.80
526,Angel,Vischi,avischiel@github.com,Male,58.128.23.40
527,Neila,Rait,nraitem@wikia.com,Female,174.39.147.28
528,Katrinka,Meecher,kmeecheren@unesco.org,Female,131.3.204.54
529,Oliy,Vannuchi,ovannuchieo@gov.uk,Female,0.79.237.18
530,Friedrich,Devonport,fdevonportep@networkadvertising.org,Male,73.192.184.35
531,Isidoro,Mossom,imossomeq@biglobe.ne.jp,Male,167.57.231.208
532,Avrom,Beaney,abeaneyer@marriott.com,Male,249.196.139.72
533,Aurelea,Hartas,ahartases@youku.com,Female,119.63.123.43
534,Murvyn,Dunaway,mdunawayet@ucsd.edu,Male,22.181.220.15
535,Janek,Prugel,jprugeleu@ucsd.edu,Male,103.250.96.99
536,Corina,Revel,crevelev@cdbaby.com,Female,75.156.102.129
537,Dory,Camm,dcammew@amazon.co.uk,Female,127.8.213.206
538,Emmerich,Quoit,equoitex@pinterest.com,Male,112.211.245.96
539,Amie,MacCafferky,amaccafferkyey@webeden.co.uk,Agender,232.217.117.99
540,Jeff,Cesconi,jcesconiez@nbcnews.com,Male,26.159.186.21
541,Ashton,Emmer,aemmerf0@free.fr,Male,3.251.33.66
542,Lilla,Theis,ltheisf1@biglobe.ne.jp,Female,188.113.114.251
543,Bradly,Eykel,beykelf2@miitbeian.gov.cn,Male,181.162.23.86
544,Sylas,Deadman,sdeadmanf3@dropbox.com,Male,177.165.36.201
545,Cynthie,Chamberlayne,cchamberlaynef4@rambler.ru,Female,52.217.81.75
546,Flore,Drance,fdrancef5@bbc.co.uk,Female,98.255.203.148
547,Trista,Abbys,tabbysf6@hugedomains.com,Female,191.133.96.243
548,Maddy,Snoday,msnodayf7@woothemes.com,Female,220.169.166.33
549,Averell,Sutehall,asutehallf8@cam.ac.uk,Male,207.113.105.160
550,Row,Tomney,rtomneyf9@wiley.com,Female,98.228.29.16
551,Cicely,Martignon,cmartignonfa@cnet.com,Agender,116.86.215.48
552,Maury,Perrie,mperriefb@ebay.co.uk,Male,203.239.163.146
553,Abigail,Condy,acondyfc@woothemes.com,Female,109.183.70.188
554,Dannel,Skunes,dskunesfd@va.gov,Male,197.136.212.86
555,Randene,Hamlet,rhamletfe@barnesandnoble.com,Female,127.203.168.189
556,Alyss,Daines,adainesff@facebook.com,Female,141.196.13.3
557,Marysa,Castle,mcastlefg@technorati.com,Female,173.2.231.22
558,Beryle,Armatys,barmatysfh@skyrock.com,Female,134.175.26.110
559,Yardley,Norewood,ynorewoodfi@latimes.com,Male,71.0.156.160
560,Jo,Montez,jmontezfj@bizjournals.com,Bigender,87.65.17.219
561,Hynda,Kildea,hkildeafk@weebly.com,Female,200.230.203.156
562,Pablo,Cubbin,pcubbinfl@blog.com,Male,46.193.184.200
563,Leonora,Saket,lsaketfm@springer.com,Female,106.60.134.105
564,Daffi,Beekman,dbeekmanfn@zdnet.com,Female,59.53.32.242
565,Helge,McQuirk,hmcquirkfo@msu.edu,Female,238.149.104.247
566,Clevey,McGragh,cmcgraghfp@google.fr,Male,90.117.75.166
567,Gardy,Revitt,grevittfq@telegraph.co.uk,Male,136.140.188.254
568,Carolyne,McGrey,cmcgreyfr@mashable.com,Non-binary,132.107.245.15
569,Alon,Sloane,asloanefs@free.fr,Male,61.242.209.249
570,Margalo,Gerrill,mgerrillft@state.gov,Female,242.250.197.242
571,Prescott,Vernham,pvernhamfu@dot.gov,Male,20.239.57.198
572,Antoine,Marchiso,amarchisofv@weebly.com,Male,70.109.130.162
573,Arlyne,Gravener,agravenerfw@technorati.com,Female,225.21.156.127
574,Nils,Jindrich,njindrichfx@time.com,Male,63.51.63.196
575,Natalee,Aleksankov,naleksankovfy@github.com,Female,47.159.95.33
576,Wrennie,O'Towey,wotoweyfz@webeden.co.uk,Female,81.132.197.145
577,Arv,Dullard,adullardg0@istockphoto.com,Male,220.181.177.132
578,Tomkin,Lawlan,tlawlang1@dropbox.com,Genderqueer,42.216.105.19
579,Alec,Martensen,amartenseng2@yahoo.co.jp,Male,15.15.241.49
580,Thatch,Klimecki,tklimeckig3@ibm.com,Agender,185.28.227.60
581,Gigi,Mitkin,gmitking4@artisteer.com,Polygender,71.190.38.215
582,Vally,Fathers,vfathersg5@seattletimes.com,Female,115.15.105.211
583,Arie,Twycross,atwycrossg6@woothemes.com,Male,15.52.69.28
584,Westbrooke,Kyteley,wkyteleyg7@dailymail.co.uk,Male,228.135.164.145
585,Felice,Pryell,fpryellg8@nih.gov,Male,238.75.153.75
586,Amargo,Dickins,adickinsg9@bbc.co.uk,Female,174.175.216.193
587,Dniren,Haston,dhastonga@taobao.com,Female,230.4.165.42
588,Issy,Shawe,ishawegb@uiuc.edu,Female,76.152.206.226
589,Lyndsey,Mellings,lmellingsgc@constantcontact.com,Female,73.0.24.158
590,Kerri,Cranch,kcranchgd@multiply.com,Female,95.180.7.6
591,Claudette,Le feaver,clefeaverge@livejournal.com,Female,233.18.200.96
592,Jehu,Hazeldean,jhazeldeangf@myspace.com,Male,49.234.54.86
593,Dallon,Noyce,dnoycegg@msu.edu,Male,143.88.72.97
594,Hermione,Betteney,hbetteneygh@godaddy.com,Female,170.56.75.148
595,Glennis,Ditts,gdittsgi@europa.eu,Female,72.184.31.236
596,Katerine,Jaye,kjayegj@google.com,Female,114.26.106.84
597,Esta,Arbor,earborgk@cisco.com,Female,206.194.138.28
598,Felike,Simo,fsimogl@fema.gov,Male,247.163.181.117
599,Alfred,Noden,anodengm@mail.ru,Male,110.202.153.153
600,Nonah,Oats,noatsgn@deviantart.com,Female,73.14.16.167
601,Zachery,Minear,zmineargo@deliciousdays.com,Male,233.217.88.151
602,Hulda,Poundford,hpoundfordgp@skyrock.com,Female,245.212.83.202
603,Evanne,Mulholland,emulhollandgq@unblog.fr,Agender,169.152.29.241
604,Kameko,Brimfield,kbrimfieldgr@yolasite.com,Non-binary,49.107.11.89
605,Josh,Betteriss,jbetterissgs@nih.gov,Male,80.20.239.240
606,Jilleen,Clemmens,jclemmensgt@apache.org,Female,158.230.196.107
607,Tina,Crump,tcrumpgu@myspace.com,Female,198.159.112.137
608,Jude,Waterstone,jwaterstonegv@i2i.jp,Male,68.116.186.176
609,Saw,Frier,sfriergw@ycombinator.com,Male,58.76.191.210
610,Chery,Dengate,cdengategx@parallels.com,Female,22.50.61.181
611,Jessie,Clausner,jclausnergy@irs.gov,Female,14.40.159.166
612,Kinnie,Sommerling,ksommerlinggz@vimeo.com,Male,142.185.221.12
613,Sergent,Toffolo,stoffoloh0@nps.gov,Male,17.90.35.214
614,Isobel,Terzi,iterzih1@kickstarter.com,Female,18.201.213.98
615,Ciel,Monck,cmonckh2@amazon.de,Female,135.128.77.164
616,Jerome,Appleyard,jappleyardh3@google.ca,Male,98.89.215.206
617,Daniella,Durie,ddurieh4@creativecommons.org,Female,41.38.84.124
618,Gayle,Boughen,gboughenh5@indiegogo.com,Female,251.121.45.34
619,Lydia,Calverley,lcalverleyh6@spiegel.de,Female,81.2.122.26
620,Orbadiah,Pechan,opechanh7@yellowbook.com,Male,1.148.161.237
621,Hubey,Presnell,hpresnellh8@liveinternet.ru,Male,244.95.219.113
622,Nowell,Matthieson,nmatthiesonh9@wunderground.com,Male,205.110.142.194
623,Shamus,Manvelle,smanvelleha@senate.gov,Male,30.148.98.54
624,Chicky,Dello,cdellohb@foxnews.com,Male,249.114.209.153
625,Zack,Ventam,zventamhc@clickbank.net,Male,70.141.216.41
626,Walden,Matterson,wmattersonhd@mtv.com,Male,72.62.159.236
627,Nathan,Mariot,nmariothe@quantcast.com,Genderfluid,166.153.128.13
628,Claus,Ridgeway,cridgewayhf@unicef.org,Genderfluid,112.70.184.101
629,Mel,Alexsandrov,malexsandrovhg@mozilla.com,Male,233.179.243.202
630,Tommie,Sones,tsoneshh@theglobeandmail.com,Agender,252.45.95.230
631,Hercules,Goodreid,hgoodreidhi@printfriendly.com,Male,194.95.155.127
632,Rex,Longbone,rlongbonehj@imageshack.us,Genderqueer,158.246.5.64
633,Candide,Tewelson,ctewelsonhk@diigo.com,Female,79.33.175.84
634,Loralie,Shevlan,lshevlanhl@nhs.uk,Female,141.205.24.81
635,Garfield,Pinckney,gpinckneyhm@sbwire.com,Male,78.121.203.188
636,Davin,Rebanks,drebankshn@slate.com,Male,187.231.154.41
637,Dominica,Ferryn,dferrynho@indiegogo.com,Female,46.44.93.38
638,Wolfgang,Parkeson,wparkesonhp@pcworld.com,Male,159.169.13.166
639,Wye,Twyning,wtwyninghq@indiatimes.com,Male,181.208.95.166
640,Lodovico,Willmont,lwillmonthr@mapquest.com,Male,49.97.0.85
641,Gypsy,Stening,gsteninghs@eepurl.com,Female,169.182.111.159
642,Terrijo,Clapshaw,tclapshawht@icq.com,Female,203.98.64.191
643,Scotty,Fryatt,sfryatthu@bbc.co.uk,Male,66.172.79.43
644,Marti,Josephson,mjosephsonhv@comsenz.com,Female,172.213.34.194
645,Billy,Peile,bpeilehw@issuu.com,Male,216.34.76.213
646,Fifi,Tourry,ftourryhx@statcounter.com,Female,9.192.203.75
647,Eden,Prahm,eprahmhy@omniture.com,Female,12.52.110.199
648,Dorena,Duran,dduranhz@exblog.jp,Female,239.171.232.222
649,Barth,Diver,bdiveri0@mashable.com,Male,246.86.162.224
650,Leland,Weddeburn - Scrimgeour,lweddeburnscrimgeouri1@fastcompany.com,Male,163.107.84.219
651,Myer,Molan,mmolani2@marketwatch.com,Male,166.251.53.252
652,Phil,Frazer,pfrazeri3@dell.com,Male,182.119.187.20
653,Baryram,Briers,bbriersi4@apple.com,Male,183.164.78.159
654,Sorcha,Merkel,smerkeli5@guardian.co.uk,Female,56.203.152.220
655,Leigh,Mariel,lmarieli6@theguardian.com,Female,76.93.249.194
656,Milo,Wintle,mwintlei7@github.io,Male,116.229.216.32
657,Renie,Ranshaw,rranshawi8@tamu.edu,Female,25.131.241.74
658,Rochelle,Merrilees,rmerrileesi9@twitter.com,Female,72.201.123.156
659,Slade,Pelfer,spelferia@friendfeed.com,Male,137.236.126.94
660,Tamera,Divall,tdivallib@symantec.com,Female,138.224.147.239
661,Jewelle,Fitzpatrick,jfitzpatrickic@mtv.com,Female,74.217.147.226
662,Shandy,Fronzek,sfronzekid@gov.uk,Female,137.127.199.12
663,Odella,Dionis,odionisie@ameblo.jp,Female,69.231.217.167
664,Emmeline,Denisovich,edenisovichif@cbsnews.com,Female,34.154.115.80
665,Wilton,Mantz,wmantzig@blogtalkradio.com,Male,9.184.59.129
666,Lind,Aubrey,laubreyih@last.fm,Female,35.160.14.231
667,Georgy,Coppen,gcoppenii@google.co.uk,Male,11.230.163.182
668,Elka,Usborn,eusbornij@fastcompany.com,Female,236.211.53.111
669,Erin,Dever,edeverik@pen.io,Male,245.115.130.205
670,Auria,Digan,adiganil@paypal.com,Female,57.182.26.175
671,Jermain,Brennon,jbrennonim@google.co.jp,Male,244.48.38.191
672,Lynea,Boshere,lbosherein@senate.gov,Female,63.223.253.49
673,Georas,Pinckstone,gpinckstoneio@studiopress.com,Male,73.18.176.43
674,Ivie,Lovemore,ilovemoreip@com.com,Female,67.249.64.30
675,Gibbie,Ringham,gringhamiq@bloglines.com,Male,104.98.138.206
676,Rasla,Hoff,rhoffir@sakura.ne.jp,Female,68.25.128.4
677,Emilio,Coode,ecoodeis@scribd.com,Male,243.181.185.106
678,Helga,Kermode,hkermodeit@uiuc.edu,Female,31.87.255.177
679,Sanford,Hilliam,shilliamiu@microsoft.com,Male,195.5.31.193
680,Dalton,Beck,dbeckiv@biglobe.ne.jp,Male,225.168.93.83
681,Solomon,Trevillion,strevillioniw@w3.org,Male,254.226.202.42
682,Hanson,Skittles,hskittlesix@washingtonpost.com,Male,227.141.254.1
683,Shea,Padmore,spadmoreiy@smugmug.com,Female,22.126.189.46
684,Elita,Kinnie,ekinnieiz@yellowpages.com,Female,183.155.138.251
685,Denys,Kovnot,dkovnotj0@examiner.com,Male,12.124.175.184
686,Roley,Sagrott,rsagrottj1@microsoft.com,Male,203.71.86.169
687,Ronny,Serot,rserotj2@va.gov,Male,232.214.108.180
688,Delinda,Kave,dkavej3@multiply.com,Agender,61.175.203.68
689,Eleanora,Jahnisch,ejahnischj4@multiply.com,Female,7.220.40.247
690,Viviyan,Winckle,vwincklej5@woothemes.com,Bigender,127.149.35.148
691,Gretel,Kelloch,gkellochj6@simplemachines.org,Female,139.180.174.165
692,Kalil,Drinkeld,kdrinkeldj7@sourceforge.net,Male,41.26.53.112
693,Isiahi,Runacres,irunacresj8@bing.com,Male,217.175.152.161
694,Alaric,Yurov,ayurovj9@livejournal.com,Agender,111.34.163.189
695,Ira,Newns,inewnsja@twitpic.com,Male,5.109.0.229
696,Virginia,Simonaitis,vsimonaitisjb@indiatimes.com,Female,23.102.11.124
697,Paula,Setch,psetchjc@si.edu,Female,231.204.199.62
698,Dorelia,Detloff,ddetloffjd@edublogs.org,Agender,243.60.190.25
699,Anton,Scherer,aschererje@umich.edu,Agender,243.229.26.63
700,Jillayne,Sancraft,jsancraftjf@livejournal.com,Female,221.54.195.233
701,Nate,Alecock,nalecockjg@vkontakte.ru,Male,231.0.160.56
702,Billie,Sola,bsolajh@java.com,Male,114.109.246.245
703,Gladi,Reason,greasonji@guardian.co.uk,Female,244.214.130.40
704,Henrik,Caudle,hcaudlejj@wikispaces.com,Male,210.135.253.206
705,Tom,Grimster,tgrimsterjk@whitehouse.gov,Male,123.238.77.60
706,Lorelle,Llorens,lllorensjl@theatlantic.com,Female,173.65.233.201
707,Linn,De La Coste,ldelacostejm@omniture.com,Female,231.197.110.146
708,Shepard,Simkins,ssimkinsjn@hp.com,Male,99.133.95.244
709,Noelyn,Firbank,nfirbankjo@oracle.com,Female,24.165.212.247
710,Carolyn,Tisun,ctisunjp@naver.com,Female,76.5.242.181
711,Aurora,Sondland,asondlandjq@uiuc.edu,Female,28.160.57.194
712,Annora,Offen,aoffenjr@umich.edu,Female,117.63.254.205
713,Toinette,Dugall,tdugalljs@drupal.org,Female,125.210.51.93
714,Far,Cleeton,fcleetonjt@wp.com,Male,100.209.92.55
715,Bat,Latore,blatoreju@scientificamerican.com,Male,164.129.3.110
716,Corrine,McCourt,cmccourtjv@utexas.edu,Female,177.189.2.140
717,Florella,Scopyn,fscopynjw@php.net,Female,157.151.168.147
718,Cayla,Wilcher,cwilcherjx@yale.edu,Female,56.70.161.67
719,Shay,Bromell,sbromelljy@xrea.com,Male,218.149.52.245
720,George,Droogan,gdrooganjz@npr.org,Bigender,94.149.57.161
721,Neville,Pettus,npettusk0@reuters.com,Male,119.99.107.48
722,Philomena,Harmes,pharmesk1@qq.com,Female,193.132.50.133
723,Brenna,Valentine,bvalentinek2@yolasite.com,Female,91.6.216.37
724,Gerald,Berrane,gberranek3@paginegialle.it,Male,34.117.16.97
725,Maye,Wyss,mwyssk4@google.pl,Female,79.143.43.19
726,Miles,Mapledoore,mmapledoorek5@smugmug.com,Male,227.167.32.115
727,Ava,Keher,akeherk6@nba.com,Female,119.236.78.185
728,Caresse,Tolle,ctollek7@hexun.com,Female,252.84.187.99
729,Earlie,Blannin,eblannink8@slashdot.org,Male,59.165.177.60
730,Corly,Wellbeloved,cwellbelovedk9@diigo.com,Female,90.200.236.55
731,Cele,Scranny,cscrannyka@wisc.edu,Female,154.228.235.26
732,Bradan,Aucourte,baucourtekb@1und1.de,Male,205.9.131.21
733,Niall,Threadgold,nthreadgoldkc@slashdot.org,Male,195.47.99.129
734,Angy,Clemont,aclemontkd@t.co,Female,175.199.23.85
735,Devina,Jeens,djeenske@fc2.com,Female,181.23.74.235
736,Terrance,Whebell,twhebellkf@oaic.gov.au,Male,157.3.85.239
737,Ethelyn,Sympson,esympsonkg@businessinsider.com,Female,234.94.122.117
738,Hope,Ankers,hankerskh@si.edu,Female,205.64.59.170
739,Cindee,O'Callaghan,cocallaghanki@amazon.de,Female,98.128.63.10
740,Gianni,Smeal,gsmealkj@reuters.com,Male,111.166.81.94
741,Cariotta,Willson,cwillsonkk@dmoz.org,Female,240.217.85.109
742,Frederick,Manus,fmanuskl@dot.gov,Male,233.202.99.252
743,Sheryl,Porrett,sporrettkm@theglobeandmail.com,Bigender,137.67.194.106
744,Ned,Blaasch,nblaaschkn@cmu.edu,Male,88.157.19.166
745,Umberto,Thyng,uthyngko@mac.com,Male,186.105.212.25
746,Heloise,Baldin,hbaldinkp@netvibes.com,Female,60.171.93.12
747,Blancha,Grishenkov,bgrishenkovkq@dmoz.org,Female,11.178.138.11
748,Lesya,Gauch,lgauchkr@newyorker.com,Female,4.36.204.127
749,Pebrook,Osipov,posipovks@unesco.org,Polygender,0.145.90.137
750,Gerald,Dorn,gdornkt@smh.com.au,Male,243.197.221.102
751,Early,Meriel,emerielku@qq.com,Male,54.73.208.112
752,Northrop,Girkin,ngirkinkv@pen.io,Bigender,161.229.7.33
753,Elise,Jamary,ejamarykw@vkontakte.ru,Genderqueer,220.249.204.94
754,Emmanuel,Cranmere,ecranmerekx@deliciousdays.com,Male,220.26.191.202
755,Benjamen,O'Fihily,bofihilyky@amazon.co.uk,Male,235.186.184.79
756,Osborn,Parbrook,oparbrookkz@constantcontact.com,Male,28.250.164.176
757,Mathew,Durante,mdurantel0@dell.com,Male,151.111.192.206
758,Gennie,Benit,gbenitl1@deviantart.com,Female,21.204.250.102
759,Sallyanne,Martinon,smartinonl2@mac.com,Female,94.111.212.58
760,Verney,Geill,vgeilll3@toplist.cz,Genderfluid,214.91.76.16
761,Grover,Monk,gmonkl4@icq.com,Male,136.241.79.243
762,Randall,Crayk,rcraykl5@ameblo.jp,Male,249.50.92.219
763,Maura,Rolf,mrolfl6@geocities.com,Female,252.252.48.183
764,Lesley,Durber,ldurberl7@wordpress.org,Male,176.5.143.81
765,Tabina,Polland,tpollandl8@tumblr.com,Female,84.235.29.70
766,Wynny,Applegate,wapplegatel9@go.com,Female,122.121.250.245
767,Towney,Stother,tstotherla@bloomberg.com,Male,28.140.247.230
768,Martino,Pharaoh,mpharaohlb@blogspot.com,Male,200.129.47.108
769,Jordain,Greeve,jgreevelc@mac.com,Female,175.101.166.166
770,Chance,Monument,cmonumentld@hp.com,Male,96.176.18.53
771,Greta,Ferby,gferbyle@soundcloud.com,Female,104.186.196.36
772,Zollie,Kincey,zkinceylf@4shared.com,Male,244.182.222.172
773,Grenville,Plowright,gplowrightlg@paginegialle.it,Male,119.79.132.210
774,Dallas,Perigoe,dperigoelh@imageshack.us,Male,168.184.126.153
775,Tracee,Aleksahkin,taleksahkinli@wunderground.com,Female,9.228.255.41
776,Angela,Longwood,alongwoodlj@wisc.edu,Female,148.164.22.214
777,Morgen,Sprull,msprulllk@seattletimes.com,Female,141.50.77.49
778,Clarice,Yukhin,cyukhinll@amazon.com,Female,204.56.250.85
779,Cissiee,Silliman,csillimanlm@washington.edu,Female,227.100.74.175
780,Tiertza,Bryde,tbrydeln@theguardian.com,Female,177.39.16.75
781,Lorenza,Mathis,lmathislo@examiner.com,Female,212.57.117.11
782,Merry,Litchmore,mlitchmorelp@pcworld.com,Male,211.151.255.49
783,Arte,Pappin,apappinlq@bandcamp.com,Male,243.240.61.127
784,Duke,Patten,dpattenlr@businesswire.com,Male,31.52.117.88
785,Richmound,Menault,rmenaultls@google.com.au,Male,84.196.134.65
786,Ariel,Pierrepont,apierrepontlt@fda.gov,Female,169.163.136.74
787,Olimpia,Hexter,ohexterlu@telegraph.co.uk,Female,32.254.246.108
788,Nevil,Genney,ngenneylv@ebay.co.uk,Male,59.243.210.245
789,Sheilakathryn,Sondland,ssondlandlw@hostgator.com,Female,78.24.159.35
790,Thacher,Steggles,tsteggleslx@cdbaby.com,Polygender,212.77.123.143
791,Gwenette,Kynder,gkynderly@usatoday.com,Female,203.115.121.205
792,Carlie,Gossington,cgossingtonlz@biglobe.ne.jp,Female,191.100.40.78
793,Graeme,Pinhorn,gpinhornm0@bizjournals.com,Male,103.33.171.78
794,Giffy,Aston,gastonm1@taobao.com,Male,226.103.206.140
795,Carmina,Davley,cdavleym2@barnesandnoble.com,Female,116.233.22.150
796,Beth,Ridulfo,bridulfom3@blinklist.com,Polygender,169.108.27.84
797,Corenda,McVittie,cmcvittiem4@google.nl,Female,100.242.246.51
798,Katusha,Makin,kmakinm5@4shared.com,Female,124.58.191.14
799,Jan,Faust,jfaustm6@gizmodo.com,Genderqueer,74.50.151.146
800,Melodee,Qualtro,mqualtrom7@imageshack.us,Female,168.61.242.15
801,Blake,Dacombe,bdacombem8@storify.com,Male,195.65.54.175
802,Doy,Rosebotham,drosebothamm9@vinaora.com,Male,75.52.241.154
803,Griselda,Lyosik,glyosikma@phoca.cz,Female,186.142.111.181
804,Gannie,Izzatt,gizzattmb@reverbnation.com,Male,177.156.227.127
805,Zarla,Quickfall,zquickfallmc@mac.com,Female,31.204.31.210
806,Stanislaw,Thoresbie,sthoresbiemd@vinaora.com,Male,155.147.159.156
807,Kimberley,Kiddye,kkiddyeme@princeton.edu,Female,33.156.48.243
808,Van,Coupe,vcoupemf@mapquest.com,Male,100.198.143.254
809,Annabella,Twigley,atwigleymg@forbes.com,Female,212.101.0.193
810,Ibbie,Lansbury,ilansburymh@smugmug.com,Agender,115.111.176.210
811,Natka,Haddick,nhaddickmi@freewebs.com,Female,132.80.46.73
812,Renado,Cleaton,rcleatonmj@wp.com,Male,107.10.181.96
813,Bernarr,Cainey,bcaineymk@smh.com.au,Male,86.227.191.97
814,Hew,Okenden,hokendenml@va.gov,Male,64.183.60.17
815,Arty,Hallt,ahalltmm@house.gov,Male,242.39.6.69
816,Melinda,Gibb,mgibbmn@soup.io,Genderqueer,143.165.148.149
817,Noellyn,Arthy,narthymo@storify.com,Female,130.150.116.77
818,Ellerey,Rodbourne,erodbournemp@nih.gov,Male,207.73.242.161
819,Honoria,Strettle,hstrettlemq@imageshack.us,Female,130.189.219.177
820,Arron,Dasent,adasentmr@sohu.com,Male,132.5.103.48
821,Harmon,Edington,hedingtonms@upenn.edu,Male,38.48.128.81
822,Harrie,Banbury,hbanburymt@nyu.edu,Genderqueer,37.93.17.170
823,Andrew,Barrable,abarrablemu@blogs.com,Male,3.244.137.80
824,Colby,Glidder,cgliddermv@surveymonkey.com,Male,243.32.1.236
825,Deane,Moquin,dmoquinmw@ehow.com,Female,226.132.240.17
826,Haily,Shimoni,hshimonimx@slate.com,Male,98.204.126.163
827,Misha,Corten,mcortenmy@boston.com,Female,86.175.217.181
828,Kermy,Drees,kdreesmz@blogs.com,Male,53.77.105.148
829,Dalton,Scowcraft,dscowcraftn0@prlog.org,Male,253.111.144.158
830,Anitra,de Juares,adejuaresn1@wikispaces.com,Female,182.201.196.10
831,Rhona,Helbeck,rhelbeckn2@soup.io,Female,222.225.221.149
832,Neil,Duchesne,nduchesnen3@unc.edu,Male,110.67.125.28
833,Tanitansy,Gallanders,tgallandersn4@economist.com,Female,10.193.152.186
834,Worth,Rene,wrenen5@imdb.com,Polygender,224.210.170.227
835,Lexis,Rawsen,lrawsenn6@bloomberg.com,Female,196.124.160.247
836,Susie,Bavister,sbavistern7@wp.com,Female,240.151.116.102
837,Minna,Itzig,mitzign8@amazon.de,Female,62.146.245.123
838,Eleen,Gorries,egorriesn9@umich.edu,Female,115.224.178.24
839,Miguel,Gretham,mgrethamna@weibo.com,Male,124.112.196.16
840,Enoch,Vasyukhin,evasyukhinnb@trellian.com,Male,137.62.34.199
841,Maximo,Brokenbrow,mbrokenbrownc@nhs.uk,Male,45.175.232.56
842,Amalita,Hexham,ahexhamnd@hao123.com,Female,168.168.40.101
843,Hilliard,Bromont,hbromontne@sogou.com,Male,23.147.71.72
844,Cristie,Spreckley,cspreckleynf@skype.com,Female,28.179.83.16
845,Erv,Yakunin,eyakuninng@alexa.com,Male,218.37.250.187
846,Eda,Bare,ebarenh@delicious.com,Female,235.89.51.71
847,Arnold,Elphinston,aelphinstonni@amazon.co.jp,Male,47.199.242.136
848,Abrahan,Pulver,apulvernj@adobe.com,Male,79.98.246.95
849,Salomon,Pinckney,spinckneynk@microsoft.com,Male,232.88.189.159
850,Wallache,Roomes,wroomesnl@github.io,Non-binary,172.130.227.75
851,Pacorro,Narraway,pnarrawaynm@unblog.fr,Male,249.163.196.22
852,Pollyanna,Volke,pvolkenn@ibm.com,Female,5.214.52.176
853,Basia,Brimicombe,bbrimicombeno@skyrock.com,Female,126.140.213.87
854,Michail,Crosio,mcrosionp@answers.com,Male,161.130.106.36
855,Melli,Bresman,mbresmannq@myspace.com,Female,148.168.160.149
856,Kurtis,Berrill,kberrillnr@google.pl,Male,152.0.176.127
857,Grady,McFaell,gmcfaellns@google.cn,Male,98.126.73.8
858,Aubine,Ratnage,aratnagent@goodreads.com,Female,108.79.22.155
859,Orran,Hamsson,ohamssonnu@imageshack.us,Male,235.93.100.92
860,Elly,Bundy,ebundynv@blogspot.com,Female,232.229.54.130
861,Ariel,Sallery,asallerynw@tumblr.com,Female,49.111.23.206
862,Anatol,Minchell,aminchellnx@linkedin.com,Male,170.142.110.68
863,Diego,Jacquet,djacquetny@fc2.com,Male,20.94.143.29
864,Jefferey,Utley,jutleynz@prnewswire.com,Male,209.45.80.248
865,Ferdinand,Schurcke,fschurckeo0@de.vu,Male,136.183.157.84
866,Dudley,Faulkner,dfaulknero1@ehow.com,Male,182.172.57.9
867,Falkner,Getty,fgettyo2@trellian.com,Male,157.77.215.59
868,Goldarina,Ruberry,gruberryo3@seesaa.net,Female,248.166.152.0
869,Orren,Hollindale,ohollindaleo4@vinaora.com,Male,201.145.236.135
870,Elga,Thuillier,ethuilliero5@dailymail.co.uk,Female,157.115.56.75
871,Herc,Ashling,hashlingo6@cnet.com,Male,170.61.227.251
872,Hayley,Baudain,hbaudaino7@prlog.org,Female,221.10.56.184
873,Demott,ducarme,dducarmeo8@google.de,Male,94.114.8.175
874,Charline,Leggitt,cleggitto9@lulu.com,Female,160.227.12.91
875,Baird,Fourcade,bfourcadeoa@g.co,Male,58.187.120.33
876,Miltie,Yerrall,myerrallob@who.int,Male,182.156.25.107
877,Carita,Bes,cbesoc@springer.com,Female,77.90.29.6
878,Carissa,Duckham,cduckhamod@amazonaws.com,Female,233.225.131.201
879,Pennie,Harniman,pharnimanoe@illinois.edu,Male,9.74.5.192
880,Boyce,Bauckham,bbauckhamof@soup.io,Male,224.172.163.60
881,Annie,Rohlf,arohlfog@gizmodo.com,Female,182.237.151.213
882,Melisse,Furmonger,mfurmongeroh@vkontakte.ru,Female,216.238.229.80
883,Deana,Batchellor,dbatchelloroi@wikispaces.com,Female,133.216.89.100
884,Nikki,Vales,nvalesoj@wix.com,Male,26.254.41.17
885,Horton,Fellibrand,hfellibrandok@squarespace.com,Male,139.243.163.5
886,Louisette,Grimwood,lgrimwoodol@usda.gov,Non-binary,8.235.194.187
887,Monah,Hindmoor,mhindmoorom@arstechnica.com,Female,159.169.7.55
888,Trescha,Pyrton,tpyrtonon@disqus.com,Female,115.216.11.139
889,Saleem,Ivashechkin,sivashechkinoo@japanpost.jp,Male,96.211.245.161
890,Karney,Mance,kmanceop@hibu.com,Male,43.109.172.158
891,Garek,Earnshaw,gearnshawoq@google.ru,Non-binary,68.244.238.202
892,Tuesday,Haeslier,thaeslieror@weather.com,Female,93.162.87.110
893,Khalil,Lubeck,klubeckos@rediff.com,Male,12.174.149.40
894,Rodolph,Goter,rgoterot@hibu.com,Male,72.222.117.97
895,Seana,Le Maitre,slemaitreou@creativecommons.org,Female,239.109.170.164
896,Karisa,Ganniclifft,kganniclifftov@com.com,Female,201.151.123.141
897,Ethelyn,Javes,ejavesow@wikipedia.org,Female,235.16.215.118
898,Natalee,Marflitt,nmarflittox@census.gov,Female,35.138.33.32
899,Justus,Frankham,jfrankhamoy@nbcnews.com,Male,66.219.84.25
900,Gratia,Armatage,garmatageoz@sun.com,Female,124.171.165.247
901,Yance,Addyman,yaddymanp0@yale.edu,Male,52.232.63.53
902,Hubie,Soame,hsoamep1@addtoany.com,Male,49.50.200.77
903,Juliette,Saunderson,jsaundersonp2@nationalgeographic.com,Female,16.24.124.210
904,Guillermo,Fishby,gfishbyp3@wiley.com,Male,52.110.14.200
905,Wald,Auchterlony,wauchterlonyp4@nyu.edu,Male,244.85.143.61
906,Conny,Hallett,challettp5@clickbank.net,Male,47.153.87.18
907,Vaughan,Joffe,vjoffep6@nih.gov,Male,232.135.100.19
908,Shadow,Feldman,sfeldmanp7@drupal.org,Male,104.33.50.62
909,Tallia,Viggars,tviggarsp8@cornell.edu,Female,236.106.33.94
910,Tibold,Finker,tfinkerp9@so-net.ne.jp,Male,66.29.150.17
911,Janaya,Gregoraci,jgregoracipa@sitemeter.com,Female,218.227.4.25
912,Mickie,Bentame,mbentamepb@vimeo.com,Male,38.193.82.122
913,Finn,Bedin,fbedinpc@google.pl,Male,191.38.190.80
914,Efrem,Breddy,ebreddypd@flavors.me,Male,184.121.145.56
915,Helli,Scheffler,hschefflerpe@google.ca,Female,146.232.12.212
916,Humfrid,Boissier,hboissierpf@twitter.com,Male,161.161.126.178
917,Valery,Venn,vvennpg@a8.net,Female,161.166.144.91
918,Gabi,Coverley,gcoverleyph@ebay.com,Female,54.169.7.17
919,Oliver,Abrahmer,oabrahmerpi@ft.com,Male,182.0.40.224
920,Carolyn,Ricardin,cricardinpj@cbsnews.com,Female,168.152.3.209
921,Ricky,Lakenton,rlakentonpk@sina.com.cn,Male,207.236.1.95
922,Laurene,Mcmanaman,lmcmanamanpl@a8.net,Female,175.19.62.176
923,Eziechiele,Dyerson,edyersonpm@vkontakte.ru,Male,87.175.198.88
924,Hersh,Verbruggen,hverbruggenpn@bloomberg.com,Male,110.95.249.242
925,Quintilla,Jehan,qjehanpo@nyu.edu,Genderqueer,219.157.255.117
926,Vince,Shorton,vshortonpp@macromedia.com,Male,6.121.91.82
927,Putnem,Rizon,prizonpq@clickbank.net,Male,43.23.219.36
928,Egbert,Purle,epurlepr@businessinsider.com,Male,106.196.164.52
929,Maxy,Portt,mporttps@wired.com,Male,246.125.178.66
930,Neils,Blaiklock,nblaiklockpt@bandcamp.com,Male,138.92.229.57
931,Franciskus,Valentinuzzi,fvalentinuzzipu@paypal.com,Male,53.88.152.135
932,Corabel,Von Welden,cvonweldenpv@ebay.co.uk,Female,167.219.3.198
933,Carmita,Riolfi,criolfipw@msn.com,Female,182.43.65.247
934,Randi,Millyard,rmillyardpx@godaddy.com,Male,83.237.181.12
935,Ricardo,Allenson,rallensonpy@wix.com,Male,208.121.7.158
936,Arabela,Asquez,aasquezpz@chronoengine.com,Female,138.55.25.94
937,Maxy,Sharpous,msharpousq0@jugem.jp,Female,15.45.203.128
938,Udale,Rosellini,uroselliniq1@ft.com,Genderfluid,24.195.178.54
939,Jesse,Spinozzi,jspinozziq2@pen.io,Female,16.5.76.69
940,Wainwright,Kenzie,wkenzieq3@nasa.gov,Male,115.136.65.187
941,Antony,Glanvill,aglanvillq4@tamu.edu,Male,233.205.10.236
942,Drusilla,Evershed,devershedq5@nps.gov,Genderfluid,184.19.108.220
943,Xavier,Benet,xbenetq6@bing.com,Male,93.191.108.155
944,Kenny,Attryde,kattrydeq7@hugedomains.com,Genderqueer,26.131.243.135
945,Rabbi,Leyman,rleymanq8@blogspot.com,Genderfluid,238.89.163.202
946,Bert,Forrestill,bforrestillq9@sina.com.cn,Genderqueer,226.96.45.125
947,Alasteir,Rosengren,arosengrenqa@lulu.com,Agender,80.51.17.142
948,Lani,Giraux,lgirauxqb@reverbnation.com,Female,231.80.84.158
949,Doretta,Blonfield,dblonfieldqc@mapy.cz,Female,247.149.54.134
950,Jorie,Boar,jboarqd@unicef.org,Non-binary,72.221.252.141
951,Georgeta,Verchambre,gverchambreqe@smugmug.com,Female,64.69.255.53
952,Sandra,Morad,smoradqf@dyndns.org,Female,33.5.99.181
953,Charita,Rylance,crylanceqg@auda.org.au,Female,133.15.91.243
954,Allegra,de Juares,adejuaresqh@cmu.edu,Female,195.96.67.231
955,Nester,Moult,nmoultqi@topsy.com,Male,21.143.192.174
956,Vikky,Mattsson,vmattssonqj@e-recht24.de,Female,47.149.233.107
957,Thayne,Twatt,ttwattqk@wordpress.com,Male,173.247.85.100
958,Mordy,Hallagan,mhallaganql@goo.gl,Male,9.103.101.168
959,Fionnula,Deely,fdeelyqm@paypal.com,Female,108.109.15.111
960,Ingamar,Cuff,icuffqn@wikipedia.org,Male,202.204.99.70
961,Fleming,Leate,fleateqo@gnu.org,Male,227.17.100.82
962,Regen,Brister,rbristerqp@biblegateway.com,Male,16.74.170.229
963,May,Frankum,mfrankumqq@creativecommons.org,Female,238.171.207.252
964,Winfield,McGilbon,wmcgilbonqr@reverbnation.com,Male,164.214.108.252
965,Gearard,Moan,gmoanqs@moonfruit.com,Male,201.47.159.81
966,Hussein,Bahls,hbahlsqt@latimes.com,Male,198.34.163.232
967,Bert,Braferton,bbrafertonqu@senate.gov,Male,216.239.189.46
968,Kanya,Bootell,kbootellqv@sakura.ne.jp,Female,165.54.251.17
969,Judd,Pringle,jpringleqw@elpais.com,Male,248.21.168.111
970,Allissa,de Quesne,adequesneqx@bandcamp.com,Female,39.23.70.54
971,Phaidra,Darter,pdarterqy@typepad.com,Female,153.237.170.239
972,Meg,Speechley,mspeechleyqz@sciencedirect.com,Bigender,129.234.16.169
973,Candide,Littrell,clittrellr0@archive.org,Female,8.238.223.248
974,Alie,Tankus,atankusr1@artisteer.com,Female,182.47.187.65
975,Dimitry,Yerrell,dyerrellr2@taobao.com,Male,168.231.177.184
976,Theresita,Duny,tdunyr3@jugem.jp,Female,15.169.151.203
977,Onfre,Yorkston,oyorkstonr4@surveymonkey.com,Male,85.110.53.40
978,Daveta,Calvie,dcalvier5@weebly.com,Female,60.214.31.54
979,Hogan,Rudeyeard,hrudeyeardr6@weebly.com,Male,56.31.61.199
980,Bob,Sayburn,bsayburnr7@nsw.gov.au,Male,83.117.245.81
981,Olivette,Gavin,ogavinr8@ezinearticles.com,Female,213.115.116.188
982,Benedick,Harbron,bharbronr9@clickbank.net,Male,230.55.228.195
983,Charisse,Newlands,cnewlandsra@ocn.ne.jp,Female,127.241.12.14
984,Renae,O'Currigan,rocurriganrb@webeden.co.uk,Female,64.38.154.50
985,Cindy,Marrion,cmarrionrc@blogtalkradio.com,Female,77.242.7.216
986,Christos,Stirland,cstirlandrd@mysql.com,Agender,149.215.101.227
987,Amabel,Freeborne,afreebornere@shutterfly.com,Female,88.0.91.57
988,Bonny,Mulvagh,bmulvaghrf@prnewswire.com,Female,107.107.18.5
989,Jason,Brookwood,jbrookwoodrg@washington.edu,Male,129.189.114.227
990,Bartolomeo,McCullagh,bmccullaghrh@weibo.com,Male,170.104.71.64
991,Pincus,Fahrenbach,pfahrenbachri@posterous.com,Male,133.246.163.61
992,Walliw,Pryde,wpryderj@netlog.com,Female,235.96.11.52
993,Ambrose,Hargrove,ahargroverk@weebly.com,Male,240.47.12.211
994,Ingar,Duigan,iduiganrl@answers.com,Male,232.41.235.119
995,Greggory,Cardillo,gcardillorm@dailymotion.com,Male,235.207.185.183
996,Gaston,Johantges,gjohantgesrn@intel.com,Male,240.24.38.76
997,Staffard,Gosenell,sgosenellro@last.fm,Male,252.135.20.75
998,Lind,Given,lgivenrp@wufoo.com,Male,213.120.18.212
999,Sauncho,Jovicic,sjovicicrq@sciencedirect.com,Male,21.147.183.114
1000,Alexander,Pawlyn,apawlynrr@adobe.com,Male,18.141.145.245
